{
  "name": "express-tutorial",
  "version": "1.0.0",
  "description": "",
  "main": "index.js",
  "scripts": {
    "dev": "nodemon index.js"
  },
  "keywords": [],
  "author": "",
  "license": "ISC",
  "dependencies": {
    "bcrypt": "^5.1.1",
    "cloudinary": "^1.41.3",
    "cors": "^2.8.5",
    "dotenv": "^16.5.0",
    "express": "^4.21.2",
    "joi": "^17.13.3",
    "mongoose": "^8.12.1",
    "multer": "^1.4.5-lts.2",
    "multer-storage-cloudinary": "^4.0.0",
    "nodemon": "^3.0.1",
    "uuid": "^11.1.0"
  }
}
